threshold,auc,accuracy,precision,recall,f1,business_cost,tn,fp,fn,tp
0.1,0.779186972372057,0.09074501642223017,0.0815320938177518,0.9997985901309164,0.15076918404227854,55930,617,55920,1,4964
0.11,0.779186972372057,0.0983057461545966,0.08210425253678966,0.998992950654582,0.15173764072442486,55501,1086,55451,5,4960
0.12,0.779186972372057,0.10767129524243114,0.08279701108306448,0.997583081570997,0.15290340505664804,54988,1669,54868,12,4953
0.13,0.779186972372057,0.11981724171571656,0.08374534371825262,0.9961732124874119,0.1545021475985943,54304,2423,54114,19,4946
0.13999999999999999,0.779186972372057,0.1329225065851517,0.0847757400920393,0.9943605236656596,0.15623170519453808,53579,3238,53299,28,4937
0.14999999999999997,0.779186972372057,0.1483366394588794,0.08600516904163175,0.9919436052366566,0.15828632952481964,52739,4198,52339,40,4925
0.15999999999999998,0.779186972372057,0.1641572631784332,0.0872864937881023,0.9891238670694864,0.1604168027699745,51892,5185,51352,54,4911
0.16999999999999998,0.779186972372057,0.18175018698578907,0.08881918886088801,0.9867069486404834,0.16296863045141544,50918,6279,50258,66,4899
0.17999999999999997,0.779186972372057,0.20033494845696076,0.0904560779519099,0.983484390735146,0.1656742497497752,49919,7438,49099,82,4883
0.18999999999999995,0.779186972372057,0.2191961237032942,0.09219549157037318,0.9802618328298086,0.16853952038784523,48903,8614,47923,98,4867
0.19999999999999996,0.779186972372057,0.23950440636076875,0.0938938861150506,0.9734138972809667,0.17126758566922992,47960,9897,46640,132,4833
0.20999999999999996,0.779186972372057,0.25896718805892494,0.09580778724420734,0.969385699899295,0.17438089889675915,46943,11114,45423,152,4813
0.21999999999999995,0.779186972372057,0.27997463497122044,0.09797546012269939,0.9649546827794562,0.17788916736285157,45849,12428,44109,174,4791
0.22999999999999995,0.779186972372057,0.29971383044453836,0.10008396305625525,0.9603222557905338,0.18127554414979563,44842,13665,42872,197,4768
0.23999999999999994,0.779186972372057,0.31984325712984946,0.10229136100802623,0.954884189325277,0.18478748075536414,43847,14930,41607,224,4741
0.24999999999999992,0.779186972372057,0.3393548177295047,0.1046599272856256,0.9508559919436053,0.188564695544505,42827,16150,40387,244,4721
0.2599999999999999,0.779186972372057,0.3589964553998244,0.10680542242913871,0.9425981873111783,0.1918701186888875,41988,17399,39138,285,4680
0.2699999999999999,0.779186972372057,0.37815030405515265,0.10904092852779475,0.9347432024169184,0.19529951396048564,41161,18616,37921,324,4641
0.2799999999999999,0.779186972372057,0.3968326233293226,0.11124016938898972,0.9258811681772406,0.19861741196802768,40408,19809,36728,368,4597
0.2899999999999999,0.779186972372057,0.41627914539364574,0.11366985538377002,0.9166163141993958,0.2022576774365584,39626,21051,35486,414,4551
0.29999999999999993,0.779186972372057,0.43427856004682774,0.11623179455509237,0.9097683786505538,0.2061286421612248,38825,22192,34345,448,4517
0.30999999999999994,0.779186972372057,0.45237553250300805,0.11874983403701639,0.9007049345417926,0.20983483483483487,38117,23350,33187,493,4472
0.3199999999999999,0.779186972372057,0.469659523267536,0.12135071479432546,0.8924471299093656,0.21365028086501603,37423,24454,32083,534,4431
0.32999999999999985,0.779186972372057,0.48702481220122923,0.12407375982804457,0.8835850956696878,0.21759293703345486,36751,25566,30971,578,4387
0.33999999999999986,0.779186972372057,0.5030080322591135,0.1266878590801715,0.8749244712990937,0.2213277627757681,36155,26592,29945,621,4344
0.34999999999999987,0.779186972372057,0.5198530129101493,0.1299671617509716,0.8688821752265861,0.2261124796897112,35389,27658,28879,651,4314
0.3599999999999999,0.779186972372057,0.5351533283470457,0.1329397141081417,0.861631419939577,0.23034055727554179,34772,28635,27902,687,4278
0.3699999999999999,0.779186972372057,0.549770739162954,0.1357589357268793,0.8529707955689829,0.2342367256637168,34260,29577,26960,730,4235
0.3799999999999999,0.779186972372057,0.564924717895353,0.13855441669154475,0.8412890231621349,0.23792435634540895,33850,30567,25970,788,4177
0.3899999999999999,0.779186972372057,0.5787454066534422,0.14127642081463465,0.8306143001007049,0.24148026701018854,33477,31470,25067,841,4124
0.3999999999999998,0.779186972372057,0.5930538844265227,0.14461331349417225,0.8221550855991944,0.24596288262231863,32975,32392,24145,883,4082
0.4099999999999998,0.779186972372057,0.6068745731846119,0.14748082639169205,0.8094662638469285,0.24950335237149243,32692,33305,23232,946,4019
0.4199999999999998,0.779186972372057,0.6214594647328542,0.1509642503239576,0.7977844914400806,0.253885844309842,32317,34260,22277,1004,3961
0.4299999999999998,0.779186972372057,0.6348899222789502,0.15407436708860758,0.7844914400805639,0.2575632335923293,32085,35152,21385,1070,3895
0.43999999999999984,0.779186972372057,0.647816331176222,0.15776310934361035,0.7750251762336354,0.2621610573647636,31713,35994,20543,1117,3848
0.44999999999999984,0.779186972372057,0.6597996813111768,0.1611601834550705,0.7643504531722054,0.26619436748149966,31453,36784,19753,1170,3795
0.45999999999999985,0.779186972372057,0.671831810347631,0.16453575522440703,0.7516616314199396,0.26997504250009047,31280,37587,18950,1233,3732
0.46999999999999986,0.779186972372057,0.6835224870735911,0.16832136157752664,0.7409869083585096,0.27432704496309,31038,38359,18178,1286,3679
0.47999999999999976,0.779186972372057,0.6948391922213911,0.17152919899100472,0.7258811681772407,0.2774869109947644,31017,39130,17407,1361,3604
0.48999999999999977,0.779186972372057,0.7066436863841826,0.1761996731540633,0.7166163141993958,0.28285237300262345,30705,39902,16635,1407,3558
0.4999999999999998,0.779186972372057,0.7175213814184904,0.18040387389243767,0.705337361530715,0.28732001476801905,30540,40627,15910,1463,3502
0.5099999999999998,0.779186972372057,0.7285291535234627,0.18490464679022295,0.6932527693856999,0.2919423240033927,30403,41364,15173,1523,3442
0.5199999999999998,0.779186972372057,0.7393580696562714,0.18927267621454646,0.6787512588116817,0.2960035133948177,30385,42102,14435,1595,3370
0.5299999999999998,0.779186972372057,0.7490813306884329,0.19321179436074798,0.6638469284994964,0.2993098438067563,30453,42774,13763,1669,3296
0.5399999999999998,0.779186972372057,0.7587395531852623,0.1974998468043385,0.6491440080563947,0.3028566059011464,30516,43441,13096,1742,3223
0.5499999999999998,0.779186972372057,0.7683164775129264,0.20201566311464886,0.6338368580060423,0.3063817358710997,30611,44106,12431,1818,3147
0.5599999999999997,0.779186972372057,0.7771291990504374,0.20577544426494346,0.6157099697885197,0.30846072347510217,30879,44738,11799,1908,3057
0.5699999999999997,0.779186972372057,0.7859906994894476,0.2106192190920003,0.6008056394763344,0.31189878711836055,31000,45357,11180,1982,2983
0.5799999999999997,0.779186972372057,0.7949822769991219,0.2150738034888922,0.581067472306143,0.31394526361608355,31329,46008,10529,2080,2885
0.5899999999999997,0.779186972372057,0.8041201912132939,0.22140047206923683,0.5667673716012085,0.31841584158415837,31406,46641,9896,2151,2814
0.5999999999999998,0.779186972372057,0.8117784787486586,0.22643383265745262,0.5510574018126888,0.32097606757390895,31637,47190,9347,2229,2736
0.6099999999999998,0.779186972372057,0.8195180644531885,0.2313217132346501,0.5319234642497482,0.32242705408375044,32016,47761,8776,2324,2641
0.6199999999999998,0.779186972372057,0.8273714675945498,0.23745819397993312,0.5148036253776435,0.3250047682624452,32298,48329,8208,2409,2556
0.6299999999999997,0.779186972372057,0.8343468505089265,0.24207407407407408,0.4936555891238671,0.32485089463220673,32814,48863,7674,2514,2451
0.6399999999999997,0.779186972372057,0.841566127930799,0.24781002638522429,0.4729103726082578,0.325207756232687,33297,49410,7127,2617,2348
0.6499999999999997,0.779186972372057,0.8486878475496732,0.25438497227565915,0.4527693856998993,0.3257498913200986,33759,49948,6589,2717,2248
0.6599999999999997,0.779186972372057,0.855338037787389,0.2610597958191541,0.4326283987915408,0.32562722655953913,34250,50457,6080,2817,2148
0.6699999999999997,0.779186972372057,0.862037006926604,0.26927110644992136,0.4136958710976838,0.3262129754625586,34684,50963,5574,2911,2054
0.6799999999999997,0.779186972372057,0.868719716431986,0.2792217014628604,0.3959718026183283,0.32750291520906216,35065,51462,5075,2999,1966
0.6899999999999997,0.779186972372057,0.874735780950213,0.288101500850998,0.37502517623363546,0.32586629331466577,35631,51936,4601,3103,1862
0.6999999999999996,0.779186972372057,0.8799063445091216,0.296246423161084,0.3544813695871098,0.32275811479919314,36231,52356,4181,3205,1760
0.7099999999999996,0.779186972372057,0.8848167539267016,0.3039777983348751,0.3309164149043303,0.3168756027000964,36982,52775,3762,3322,1643
0.7199999999999996,0.779186972372057,0.8901336541901076,0.3166189111747851,0.31158106747230613,0.31407978885392346,37519,53198,3339,3418,1547
0.7299999999999996,0.779186972372057,0.8940522259438718,0.32521974306964163,0.29063444108761327,0.30695596681557114,38214,53543,2994,3522,1443
0.7399999999999997,0.779186972372057,0.8984748463464602,0.33731874841007375,0.26706948640483386,0.2981115107913669,38995,53932,2605,3639,1326
0.7499999999999997,0.779186972372057,0.9021820428603948,0.3482529598613919,0.24290030211480362,0.2861888941623161,39847,54280,2257,3759,1206
0.7599999999999997,0.779186972372057,0.9057429026698319,0.36297760210803687,0.22195367573011077,0.2754655668041494,40564,54603,1934,3863,1102
0.7699999999999997,0.779186972372057,0.9090598679717733,0.38024408848207475,0.20080563947633434,0.26281797812046925,41305,54912,1625,3968,997
0.7799999999999997,0.779186972372057,0.9120191213293877,0.3982664233576642,0.17583081570996978,0.24395696520888638,42239,55218,1319,4092,873
0.7899999999999996,0.779186972372057,0.9144255471366785,0.41849015317286653,0.1540785498489426,0.2252318563226851,43063,55474,1063,4200,765
0.7999999999999996,0.779186972372057,0.9164092224643101,0.44133333333333336,0.13333333333333333,0.20479505027068834,43868,55699,838,4303,662
0.8099999999999996,0.779186972372057,0.9180026665799487,0.4676079734219269,0.11339375629405841,0.1825255308802075,44661,55896,641,4402,563
0.8199999999999996,0.779186972372057,0.9187506097362688,0.4827586206896552,0.09023162134944612,0.15204479891396572,45650,56057,480,4517,448
0.8299999999999996,0.779186972372057,0.9197424474000846,0.5212922173274597,0.07150050352467271,0.12575274530641165,46426,56211,326,4610,355
0.8399999999999996,0.779186972372057,0.9200838997105785,0.5520833333333334,0.05337361530715005,0.09733700642791553,47215,56322,215,4700,265
0.8499999999999996,0.779186972372057,0.919905043738415,0.5585585585585585,0.03746223564954683,0.07021517553793884,47937,56390,147,4779,186
0.8599999999999995,0.779186972372057,0.919872524470749,0.5920398009950248,0.023967774420946625,0.04607046070460704,48542,56455,82,4846,119
0.8699999999999996,0.779186972372057,0.9197424474000846,0.6283185840707964,0.014300100704934543,0.027963765261914138,48982,56495,42,4894,71
0.8799999999999996,0.779186972372057,0.9195798510617541,0.6938775510204082,0.006847935548841893,0.013562026326286397,49325,56522,15,4931,34
0.8899999999999996,0.779186972372057,0.9194172547234236,0.8461538461538461,0.002215508559919436,0.0044194455604660505,49542,56535,2,4954,11
0.8999999999999996,0.779186972372057,0.9192871776527592,0.6666666666666666,0.0004028197381671702,0.0008051529790660227,49631,56536,1,4963,2
