feature,importance
EXT_SOURCE_1,265
PAYMENT_RATE,244
EXT_SOURCE_2,220
EXT_SOURCE_3,207
DAYS_EMPLOYED,124
DAYS_BIRTH,109
INSTAL_DPD_MEAN,103
AMT_ANNUITY,99
APPROVED_CNT_PAYMENT_MEAN,98
INSTAL_AMT_PAYMENT_SUM,79
AMT_GOODS_PRICE,69
OWN_CAR_AGE,68
AMT_CREDIT,65
DAYS_ID_PUBLISH,64
ANNUITY_INCOME_PERC,62
CODE_GENDER,61
CC_CNT_DRAWINGS_ATM_CURRENT_MEAN,59
PREV_CNT_PAYMENT_MEAN,55
BURO_AMT_CREDIT_MAX_OVERDUE_MEAN,54
BURO_DAYS_CREDIT_MAX,54
ACTIVE_DAYS_CREDIT_MAX,51
INSTAL_PAYMENT_DIFF_MEAN,49
PREV_APP_CREDIT_PERC_MIN,45
INSTAL_DAYS_ENTRY_PAYMENT_MAX,44
ACTIVE_DAYS_CREDIT_ENDDATE_MAX,44
NAME_FAMILY_STATUS_Married,42
ACTIVE_DAYS_CREDIT_ENDDATE_MEAN,41
POS_NAME_CONTRACT_STATUS_Active_MEAN,37
INSTAL_AMT_PAYMENT_MEAN,37
INSTAL_DAYS_ENTRY_PAYMENT_SUM,36
DAYS_EMPLOYED_PERC,36
PREV_NAME_CONTRACT_STATUS_Refused_MEAN,36
PREV_NAME_YIELD_GROUP_low_action_MEAN,35
CC_CNT_DRAWINGS_CURRENT_VAR,33
REGION_RATING_CLIENT_W_CITY,33
INSTAL_PAYMENT_DIFF_SUM,32
INSTAL_DAYS_ENTRY_PAYMENT_MEAN,32
POS_SK_DPD_DEF_MEAN,31
ACTIVE_DAYS_CREDIT_ENDDATE_MIN,31
ACTIVE_AMT_CREDIT_SUM_MAX,31
NAME_EDUCATION_TYPE_Higher_education,31
BURO_AMT_CREDIT_SUM_DEBT_MEAN,30
NAME_CONTRACT_TYPE_Cash_loans,30
PREV_PRODUCT_COMBINATION_Cash_X_Sell_low_MEAN,30
CLOSED_AMT_CREDIT_SUM_SUM,29
APPROVED_DAYS_DECISION_MAX,29
ACTIVE_AMT_CREDIT_SUM_DEBT_MEAN,29
ACTIVE_AMT_CREDIT_SUM_SUM,29
APPROVED_AMT_ANNUITY_MEAN,29
CLOSED_DAYS_CREDIT_MAX,28
INSTAL_DBD_SUM,28
ACTIVE_AMT_CREDIT_MAX_OVERDUE_MEAN,28
ACTIVE_AMT_CREDIT_SUM_LIMIT_MEAN,28
DAYS_REGISTRATION,28
CLOSED_AMT_CREDIT_SUM_MEAN,28
PREV_AMT_ANNUITY_MEAN,27
APPROVED_AMT_DOWN_PAYMENT_MAX,27
CC_CNT_DRAWINGS_CURRENT_MEAN,27
PREV_APP_CREDIT_PERC_MEAN,26
BURO_CREDIT_TYPE_Mortgage_MEAN,26
INSTAL_PAYMENT_PERC_SUM,26
POS_MONTHS_BALANCE_SIZE,26
INSTAL_AMT_PAYMENT_MIN,26
DAYS_LAST_PHONE_CHANGE,25
INCOME_CREDIT_PERC,25
INSTAL_PAYMENT_PERC_MEAN,24
BURO_CREDIT_TYPE_Microloan_MEAN,23
BURO_DAYS_CREDIT_MEAN,23
INSTAL_AMT_INSTALMENT_MAX,23
PREV_NAME_YIELD_GROUP_high_MEAN,22
BURO_DAYS_CREDIT_ENDDATE_MAX,22
APPROVED_CNT_PAYMENT_SUM,21
PREV_PRODUCT_COMBINATION_POS_industry_with_interest_MEAN,20
FLAG_DOCUMENT_3,20
REGION_POPULATION_RELATIVE,19
PREV_AMT_ANNUITY_MIN,18
BURO_AMT_CREDIT_SUM_MAX,18
BURO_AMT_CREDIT_SUM_MEAN,18
NAME_EDUCATION_TYPE_Secondary_secondary_special,17
AMT_REQ_CREDIT_BUREAU_QRT,17
ACTIVE_DAYS_CREDIT_UPDATE_MEAN,17
PREV_DAYS_DECISION_MEAN,17
ACTIVE_DAYS_CREDIT_MEAN,16
CLOSED_DAYS_CREDIT_ENDDATE_MAX,16
OCCUPATION_TYPE_Core_staff,16
INSTAL_AMT_PAYMENT_MAX,16
DEF_60_CNT_SOCIAL_CIRCLE,16
BURO_CREDIT_ACTIVE_Active_MEAN,16
CLOSED_DAYS_CREDIT_VAR,16
PREV_AMT_DOWN_PAYMENT_MAX,16
DEF_30_CNT_SOCIAL_CIRCLE,15
BURO_CREDIT_ACTIVE_Closed_MEAN,15
POS_MONTHS_BALANCE_MAX,15
APPROVED_APP_CREDIT_PERC_MEAN,15
BURO_DAYS_CREDIT_ENDDATE_MEAN,15
INSTAL_NUM_INSTALMENT_VERSION_NUNIQUE,15
PREV_APP_CREDIT_PERC_VAR,15
INCOME_PER_PERSON,15
REG_CITY_NOT_LIVE_CITY,14
INSTAL_DBD_MAX,14
APARTMENTS_AVG,14
PREV_PRODUCT_COMBINATION_Cash_Street_low_MEAN,14
CLOSED_AMT_CREDIT_SUM_MAX,14
REFUSED_DAYS_DECISION_MAX,14
INSTAL_PAYMENT_DIFF_MAX,14
PREV_DAYS_DECISION_MIN,14
ACTIVE_AMT_CREDIT_SUM_MEAN,14
APPROVED_DAYS_DECISION_MIN,13
PREV_APP_CREDIT_PERC_MAX,13
PREV_RATE_DOWN_PAYMENT_MAX,13
LIVINGAREA_AVG,13
YEARS_BEGINEXPLUATATION_MODE,13
PREV_CHANNEL_TYPE_Channel_of_corporate_sales_MEAN,13
APPROVED_APP_CREDIT_PERC_MAX,13
PREV_NAME_GOODS_CATEGORY_Furniture_MEAN,12
BURO_STATUS_1_MEAN_MEAN,12
PREV_CHANNEL_TYPE_AP_Cash_loan__MEAN,12
APPROVED_AMT_CREDIT_MAX,12
PREV_NAME_YIELD_GROUP_low_normal_MEAN,12
PREV_HOUR_APPR_PROCESS_START_MEAN,12
BURO_AMT_CREDIT_SUM_SUM,11
CC_CNT_DRAWINGS_ATM_CURRENT_VAR,11
POS_MONTHS_BALANCE_MEAN,11
APPROVED_HOUR_APPR_PROCESS_START_MEAN,11
PREV_NAME_PRODUCT_TYPE_walk_in_MEAN,11
BURO_MONTHS_BALANCE_SIZE_MEAN,11
INSTAL_DBD_MEAN,11
PREV_AMT_ANNUITY_MAX,11
CLOSED_AMT_CREDIT_MAX_OVERDUE_MEAN,11
BURO_AMT_CREDIT_SUM_LIMIT_MEAN,11
PREV_PRODUCT_COMBINATION_POS_mobile_with_interest_MEAN,11
INSTAL_AMT_INSTALMENT_MEAN,11
PREV_NAME_CONTRACT_STATUS_Approved_MEAN,11
APPROVED_APP_CREDIT_PERC_VAR,10
ACTIVE_DAYS_CREDIT_VAR,10
REFUSED_APP_CREDIT_PERC_MIN,10
PREV_CHANNEL_TYPE_Contact_center_MEAN,10
BURO_AMT_CREDIT_SUM_DEBT_MAX,10
PREV_NAME_TYPE_SUITE_nan_MEAN,10
PREV_AMT_CREDIT_MEAN,10
BURO_DAYS_CREDIT_MIN,10
PREV_DAYS_DECISION_MAX,10
NAME_INCOME_TYPE_State_servant,10
PREV_AMT_DOWN_PAYMENT_MEAN,10
CC_AMT_CREDIT_LIMIT_ACTUAL_SUM,10
PREV_CODE_REJECT_REASON_XAP_MEAN,10
INSTAL_AMT_INSTALMENT_SUM,10
ORGANIZATION_TYPE_Self_employed,9
ORGANIZATION_TYPE_Military,9
CC_AMT_CREDIT_LIMIT_ACTUAL_MEAN,9
ACTIVE_DAYS_CREDIT_MIN,9
ORGANIZATION_TYPE_Construction,9
POS_SK_DPD_DEF_MAX,9
TOTALAREA_MODE,9
PREV_NAME_SELLER_INDUSTRY_Connectivity_MEAN,9
CLOSED_DAYS_CREDIT_ENDDATE_MIN,9
FLOORSMAX_AVG,9
BURO_DAYS_CREDIT_VAR,9
APPROVED_AMT_APPLICATION_MAX,9
BURO_DAYS_CREDIT_UPDATE_MEAN,9
PREV_NAME_PRODUCT_TYPE_XNA_MEAN,9
PREV_NAME_TYPE_SUITE_Unaccompanied_MEAN,9
APPROVED_AMT_ANNUITY_MAX,9
PREV_CNT_PAYMENT_SUM,8
ORGANIZATION_TYPE_Transport_type_3,8
REFUSED_AMT_ANNUITY_MIN,8
POS_NAME_CONTRACT_STATUS_Completed_MEAN,8
CC_AMT_RECEIVABLE_PRINCIPAL_MEAN,8
APPROVED_HOUR_APPR_PROCESS_START_MAX,8
CC_NAME_CONTRACT_STATUS_Sent_proposal_MEAN,8
CC_AMT_BALANCE_MEAN,8
AMT_INCOME_TOTAL,8
ACTIVE_MONTHS_BALANCE_SIZE_SUM,8
APPROVED_RATE_DOWN_PAYMENT_MAX,8
APPROVED_AMT_GOODS_PRICE_MIN,8
ACTIVE_MONTHS_BALANCE_SIZE_MEAN,8
PREV_AMT_APPLICATION_MAX,7
ACTIVE_AMT_CREDIT_SUM_DEBT_SUM,7
PREV_HOUR_APPR_PROCESS_START_MAX,7
CC_AMT_INST_MIN_REGULARITY_VAR,7
BURO_MONTHS_BALANCE_SIZE_SUM,7
PREV_AMT_APPLICATION_MIN,7
BURO_AMT_CREDIT_SUM_OVERDUE_MEAN,7
APPROVED_RATE_DOWN_PAYMENT_MEAN,7
YEARS_BEGINEXPLUATATION_MEDI,7
CC_AMT_BALANCE_MIN,7
CC_AMT_DRAWINGS_ATM_CURRENT_MEAN,7
APPROVED_DAYS_DECISION_MEAN,7
CC_AMT_PAYMENT_CURRENT_SUM,7
ACTIVE_AMT_CREDIT_SUM_DEBT_MAX,7
REFUSED_DAYS_DECISION_MIN,7
PREV_NAME_GOODS_CATEGORY_Photo_Cinema_Equipment_MEAN,7
CLOSED_DAYS_CREDIT_MIN,7
REFUSED_APP_CREDIT_PERC_VAR,7
BURO_STATUS_0_MEAN_MEAN,7
APARTMENTS_MODE,7
YEARS_BEGINEXPLUATATION_AVG,7
PREV_NAME_SELLER_INDUSTRY_Furniture_MEAN,7
REFUSED_DAYS_DECISION_MEAN,7
NONLIVINGAREA_AVG,7
PREV_PRODUCT_COMBINATION_Cash_X_Sell_high_MEAN,6
INSTAL_PAYMENT_PERC_MAX,6
ACTIVE_AMT_CREDIT_SUM_OVERDUE_MEAN,6
PREV_PRODUCT_COMBINATION_Card_Street_MEAN,6
CLOSED_DAYS_CREDIT_MEAN,6
CC_AMT_DRAWINGS_CURRENT_VAR,6
APPROVED_AMT_DOWN_PAYMENT_MEAN,6
INSTAL_PAYMENT_PERC_VAR,6
BURO_STATUS_C_MEAN_MEAN,6
INSTAL_DPD_MAX,6
PREV_AMT_CREDIT_MIN,6
BURO_CREDIT_TYPE_Consumer_credit_MEAN,6
CC_AMT_DRAWINGS_CURRENT_MEAN,6
INSTAL_COUNT,6
PREV_NAME_CLIENT_TYPE_New_MEAN,6
CC_AMT_PAYMENT_TOTAL_CURRENT_SUM,6
CC_AMT_PAYMENT_CURRENT_MAX,6
APPROVED_APP_CREDIT_PERC_MIN,6
APPROVED_HOUR_APPR_PROCESS_START_MIN,6
PREV_WEEKDAY_APPR_PROCESS_START_SATURDAY_MEAN,6
ORGANIZATION_TYPE_School,6
CC_AMT_PAYMENT_CURRENT_VAR,6
BURO_STATUS_X_MEAN_MEAN,6
CLOSED_DAYS_CREDIT_ENDDATE_MEAN,6
PREV_NAME_PRODUCT_TYPE_x_sell_MEAN,6
PREV_NAME_YIELD_GROUP_middle_MEAN,6
HOUR_APPR_PROCESS_START,6
APARTMENTS_MEDI,5
ACTIVE_AMT_ANNUITY_MEAN,5
REFUSED_HOUR_APPR_PROCESS_START_MEAN,5
ELEVATORS_AVG,5
ENTRANCES_AVG,5
LIVINGAREA_MODE,5
BURO_AMT_CREDIT_SUM_DEBT_SUM,5
INSTAL_DPD_SUM,5
OCCUPATION_TYPE_Accountants,5
PREV_NAME_PORTFOLIO_POS_MEAN,5
PREV_NAME_GOODS_CATEGORY_Clothing_and_Accessories_MEAN,5
APPROVED_AMT_APPLICATION_MIN,5
FLAG_DOCUMENT_18,5
CC_AMT_DRAWINGS_POS_CURRENT_SUM,5
REFUSED_AMT_CREDIT_MAX,5
CLOSED_DAYS_CREDIT_UPDATE_MEAN,5
PREV_AMT_GOODS_PRICE_MIN,5
PREV_WEEKDAY_APPR_PROCESS_START_THURSDAY_MEAN,5
PREV_WEEKDAY_APPR_PROCESS_START_WEDNESDAY_MEAN,5
PREV_AMT_DOWN_PAYMENT_MIN,5
POS_NAME_CONTRACT_STATUS_Signed_MEAN,5
POS_NAME_CONTRACT_STATUS_Returned_to_the_store_MEAN,5
CC_AMT_CREDIT_LIMIT_ACTUAL_VAR,5
ORGANIZATION_TYPE_Business_Entity_Type_3,5
ACTIVE_AMT_CREDIT_SUM_LIMIT_SUM,5
PREV_NAME_PORTFOLIO_Cards_MEAN,5
CLOSED_MONTHS_BALANCE_SIZE_MEAN,5
CC_CNT_DRAWINGS_CURRENT_MAX,5
REFUSED_AMT_CREDIT_MIN,5
ACTIVE_AMT_ANNUITY_MAX,4
BURO_CREDIT_TYPE_Car_loan_MEAN,4
CNT_FAM_MEMBERS,4
CC_AMT_BALANCE_MAX,4
PREV_PRODUCT_COMBINATION_Cash_Street_middle_MEAN,4
LANDAREA_MEDI,4
APPROVED_AMT_CREDIT_MEAN,4
REFUSED_RATE_DOWN_PAYMENT_MAX,4
NONLIVINGAREA_MEDI,4
REFUSED_AMT_GOODS_PRICE_MEAN,4
PREV_NAME_SELLER_INDUSTRY_XNA_MEAN,4
BURO_DAYS_CREDIT_ENDDATE_MIN,4
OCCUPATION_TYPE_Drivers,4
REFUSED_AMT_DOWN_PAYMENT_MIN,4
REFUSED_APP_CREDIT_PERC_MEAN,4
CC_CNT_INSTALMENT_MATURE_CUM_SUM,4
REFUSED_AMT_APPLICATION_MEAN,4
APPROVED_AMT_DOWN_PAYMENT_MIN,4
REFUSED_AMT_ANNUITY_MAX,4
NAME_INCOME_TYPE_Working,4
BASEMENTAREA_MODE,4
APPROVED_AMT_GOODS_PRICE_MAX,4
CC_CNT_DRAWINGS_ATM_CURRENT_SUM,4
REFUSED_CNT_PAYMENT_SUM,4
PREV_PRODUCT_COMBINATION_Cash_X_Sell_middle_MEAN,4
PREV_PRODUCT_COMBINATION_POS_industry_without_interest_MEAN,4
APPROVED_AMT_ANNUITY_MIN,4
LIVINGAPARTMENTS_AVG,4
FLOORSMAX_MODE,4
CC_AMT_CREDIT_LIMIT_ACTUAL_MIN,4
FLAG_PHONE,4
CLOSED_AMT_ANNUITY_MEAN,4
CLOSED_MONTHS_BALANCE_SIZE_SUM,4
APPROVED_AMT_APPLICATION_MEAN,4
CC_AMT_DRAWINGS_POS_CURRENT_MAX,4
CC_AMT_INST_MIN_REGULARITY_SUM,4
PREV_AMT_GOODS_PRICE_MAX,4
CC_AMT_PAYMENT_CURRENT_MEAN,4
NONLIVINGAPARTMENTS_MODE,4
ORGANIZATION_TYPE_Industry_type_9,4
PREV_RATE_DOWN_PAYMENT_MEAN,4
PREV_PRODUCT_COMBINATION_POS_household_without_interest_MEAN,4
PREV_WEEKDAY_APPR_PROCESS_START_FRIDAY_MEAN,4
PREV_CHANNEL_TYPE_Regional_Local_MEAN,3
PREV_NAME_YIELD_GROUP_XNA_MEAN,3
PREV_NAME_SELLER_INDUSTRY_Consumer_electronics_MEAN,3
PREV_NAME_SELLER_INDUSTRY_Construction_MEAN,3
PREV_CODE_REJECT_REASON_SCO_MEAN,3
PREV_CHANNEL_TYPE_Credit_and_cash_offices_MEAN,3
FLAG_OWN_CAR,3
CLOSED_AMT_CREDIT_SUM_DEBT_MEAN,3
CLOSED_AMT_CREDIT_SUM_DEBT_SUM,3
PREV_AMT_APPLICATION_MEAN,3
PREV_AMT_CREDIT_MAX,3
PREV_RATE_DOWN_PAYMENT_MIN,3
PREV_NAME_CONTRACT_TYPE_Consumer_loans_MEAN,3
PREV_WEEKDAY_APPR_PROCESS_START_TUESDAY_MEAN,3
REFUSED_AMT_ANNUITY_MEAN,3
REFUSED_CNT_PAYMENT_MEAN,3
REFUSED_RATE_DOWN_PAYMENT_MEAN,3
REFUSED_HOUR_APPR_PROCESS_START_MIN,3
PREV_NAME_PAYMENT_TYPE_Cash_through_the_bank_MEAN,3
PREV_CODE_REJECT_REASON_HC_MEAN,3
PREV_NAME_GOODS_CATEGORY_Computers_MEAN,3
FLAG_WORK_PHONE,3
CC_MONTHS_BALANCE_MIN,3
FLOORSMIN_AVG,3
CC_AMT_RECEIVABLE_PRINCIPAL_SUM,3
OCCUPATION_TYPE_Laborers,3
LANDAREA_AVG,3
CC_AMT_RECEIVABLE_PRINCIPAL_VAR,3
OCCUPATION_TYPE_Low_skill_Laborers,3
CC_AMT_CREDIT_LIMIT_ACTUAL_MAX,3
LIVINGAREA_MEDI,3
CC_CNT_DRAWINGS_POS_CURRENT_VAR,3
COMMONAREA_MEDI,3
CC_AMT_PAYMENT_CURRENT_MIN,3
CC_AMT_DRAWINGS_OTHER_CURRENT_MAX,3
CC_AMT_DRAWINGS_OTHER_CURRENT_SUM,3
FLAG_DOCUMENT_16,3
CC_NAME_CONTRACT_STATUS_Completed_SUM,3
CC_AMT_INST_MIN_REGULARITY_MEAN,3
BURO_MONTHS_BALANCE_MAX_MAX,3
AMT_REQ_CREDIT_BUREAU_MON,3
LANDAREA_MODE,3
WEEKDAY_APPR_PROCESS_START_MONDAY,3
CC_CNT_DRAWINGS_CURRENT_SUM,3
LIVINGAPARTMENTS_MODE,3
YEARS_BUILD_AVG,3
PREV_NAME_CONTRACT_STATUS_Canceled_MEAN,2
AMT_REQ_CREDIT_BUREAU_YEAR,2
NAME_FAMILY_STATUS_Single_not_married,2
ORGANIZATION_TYPE_Police,2
PREV_NAME_GOODS_CATEGORY_Audio_Video_MEAN,2
PREV_HOUR_APPR_PROCESS_START_MIN,2
CC_AMT_RECIVABLE_MEAN,2
PREV_NAME_PORTFOLIO_XNA_MEAN,2
PREV_AMT_GOODS_PRICE_MEAN,2
ORGANIZATION_TYPE_Realtor,2
CC_CNT_INSTALMENT_MATURE_CUM_MEAN,2
POS_SK_DPD_MEAN,2
ORGANIZATION_TYPE_Restaurant,2
POS_SK_DPD_MAX,2
WEEKDAY_APPR_PROCESS_START_WEDNESDAY,2
PREV_NAME_CASH_LOAN_PURPOSE_XNA_MEAN,2
CC_AMT_PAYMENT_TOTAL_CURRENT_VAR,2
PREV_WEEKDAY_APPR_PROCESS_START_SUNDAY_MEAN,2
PREV_NAME_TYPE_SUITE_Spouse_partner_MEAN,2
PREV_NAME_CASH_LOAN_PURPOSE_Other_MEAN,2
PREV_NAME_CONTRACT_TYPE_Cash_loans_MEAN,2
CC_AMT_TOTAL_RECEIVABLE_MAX,2
REFUSED_RATE_DOWN_PAYMENT_MIN,2
ORGANIZATION_TYPE_Security_Ministries,2
CC_AMT_RECIVABLE_VAR,2
OCCUPATION_TYPE_Sales_staff,2
PREV_NAME_TYPE_SUITE_Family_MEAN,2
REFUSED_APP_CREDIT_PERC_MAX,2
CC_NAME_CONTRACT_STATUS_Active_MEAN,2
APPROVED_AMT_GOODS_PRICE_MEAN,2
CC_NAME_CONTRACT_STATUS_Completed_VAR,2
CC_AMT_INST_MIN_REGULARITY_MIN,2
BURO_AMT_CREDIT_SUM_LIMIT_SUM,2
CC_MONTHS_BALANCE_SUM,2
CC_MONTHS_BALANCE_MAX,2
YEARS_BUILD_MEDI,2
REFUSED_AMT_GOODS_PRICE_MAX,2
COMMONAREA_AVG,2
BASEMENTAREA_AVG,2
NONLIVINGAREA_MODE,2
INSTAL_PAYMENT_DIFF_VAR,2
ACTIVE_MONTHS_BALANCE_MAX_MAX,2
PREV_CODE_REJECT_REASON_VERIF_MEAN,2
REFUSED_AMT_GOODS_PRICE_MIN,2
YEARS_BUILD_MODE,2
ENTRANCES_MODE,2
REFUSED_AMT_DOWN_PAYMENT_MEAN,2
CC_CNT_DRAWINGS_POS_CURRENT_MIN,2
BURO_AMT_ANNUITY_MEAN,2
CC_MONTHS_BALANCE_VAR,2
PREV_PRODUCT_COMBINATION_Cash_MEAN,2
CC_AMT_DRAWINGS_ATM_CURRENT_SUM,2
PREV_NAME_CLIENT_TYPE_Repeater_MEAN,2
CC_CNT_DRAWINGS_POS_CURRENT_MEAN,2
PREV_NAME_SELLER_INDUSTRY_Clothing_MEAN,2
FLAG_DOCUMENT_13,2
CC_AMT_DRAWINGS_CURRENT_SUM,2
FLAG_DOCUMENT_11,2
OBS_60_CNT_SOCIAL_CIRCLE,2
OBS_30_CNT_SOCIAL_CIRCLE,2
ACTIVE_CREDIT_DAY_OVERDUE_MEAN,2
CLOSED_MONTHS_BALANCE_MIN_MIN,2
CC_AMT_DRAWINGS_ATM_CURRENT_MAX,2
LIVINGAPARTMENTS_MEDI,2
CC_AMT_BALANCE_VAR,2
PREV_NAME_CLIENT_TYPE_Refreshed_MEAN,2
CC_CNT_DRAWINGS_POS_CURRENT_SUM,1
NAME_HOUSING_TYPE_Rented_apartment,1
CC_CNT_INSTALMENT_MATURE_CUM_MAX,1
PREV_NAME_TYPE_SUITE_Children_MEAN,1
PREV_NAME_TYPE_SUITE_Other_B_MEAN,1
REGION_RATING_CLIENT,1
CC_CNT_INSTALMENT_MATURE_CUM_VAR,1
CC_NAME_CONTRACT_STATUS_Active_SUM,1
COMMONAREA_MODE,1
ELEVATORS_MODE,1
FLOORSMIN_MODE,1
PREV_PRODUCT_COMBINATION_POS_other_with_interest_MEAN,1
BASEMENTAREA_MEDI,1
PREV_PRODUCT_COMBINATION_Cash_Street_high_MEAN,1
PREV_PRODUCT_COMBINATION_Card_X_Sell_MEAN,1
NONLIVINGAPARTMENTS_MEDI,1
PREV_NAME_SELLER_INDUSTRY_Auto_technology_MEAN,1
PREV_CHANNEL_TYPE_Country_wide_MEAN,1
PREV_CODE_REJECT_REASON_SCOFR_MEAN,1
PREV_NAME_PORTFOLIO_Cash_MEAN,1
PREV_NAME_GOODS_CATEGORY_XNA_MEAN,1
REFUSED_AMT_CREDIT_MEAN,1
NAME_TYPE_SUITE_Other_A,1
PREV_NAME_GOODS_CATEGORY_Vehicles_MEAN,1
PREV_NAME_GOODS_CATEGORY_Tourism_MEAN,1
PREV_NAME_GOODS_CATEGORY_Sport_and_Leisure_MEAN,1
PREV_NAME_GOODS_CATEGORY_Mobile_MEAN,1
NAME_TYPE_SUITE_Unaccompanied,1
PREV_NAME_GOODS_CATEGORY_Medical_Supplies_MEAN,1
NAME_EDUCATION_TYPE_Lower_secondary,1
REFUSED_AMT_APPLICATION_MIN,1
REFUSED_AMT_APPLICATION_MAX,1
CC_SK_DPD_MEAN,1
NAME_FAMILY_STATUS_Widow,1
REFUSED_AMT_DOWN_PAYMENT_MAX,1
BURO_STATUS_3_MEAN_MEAN,1
CC_AMT_DRAWINGS_ATM_CURRENT_VAR,1
BURO_CREDIT_CURRENCY_currency_2_MEAN,1
CC_NAME_CONTRACT_STATUS_Signed_VAR,1
WALLSMATERIAL_MODE_Stone_brick,1
CLOSED_AMT_CREDIT_SUM_LIMIT_SUM,1
ORGANIZATION_TYPE_Government,1
CC_AMT_RECIVABLE_SUM,1
CC_AMT_RECIVABLE_MAX,1
CC_AMT_RECIVABLE_MIN,1
PREV_NAME_CONTRACT_TYPE_Revolving_loans_MEAN,1
CC_AMT_RECEIVABLE_PRINCIPAL_MAX,1
CC_AMT_PAYMENT_TOTAL_CURRENT_MEAN,1
CC_AMT_PAYMENT_TOTAL_CURRENT_MAX,1
PREV_CODE_REJECT_REASON_LIMIT_MEAN,1
ORGANIZATION_TYPE_Kindergarten,1
CC_AMT_INST_MIN_REGULARITY_MAX,1
CC_AMT_DRAWINGS_OTHER_CURRENT_VAR,1
CC_MONTHS_BALANCE_MEAN,1
CC_AMT_DRAWINGS_POS_CURRENT_MEAN,1
BURO_CREDIT_CURRENCY_currency_3_MEAN,1
CC_CNT_DRAWINGS_ATM_CURRENT_MAX,1
NONLIVINGAPARTMENTS_AVG,1
ACTIVE_MONTHS_BALANCE_MIN_MIN,1
PREV_NAME_CASH_LOAN_PURPOSE_Education_MEAN,1
PREV_NAME_CASH_LOAN_PURPOSE_Medicine_MEAN,1
PREV_NAME_CASH_LOAN_PURPOSE_Journey_MEAN,1
PREV_NAME_CASH_LOAN_PURPOSE_Urgent_needs_MEAN,1
BURO_STATUS_2_MEAN_MEAN,1
BURO_CREDIT_TYPE_Credit_card_MEAN,1
PREV_NAME_PAYMENT_TYPE_XNA_MEAN,1
CC_NAME_CONTRACT_STATUS_Signed_SUM,0
CC_NAME_CONTRACT_STATUS_Signed_MEAN,0
CC_NAME_CONTRACT_STATUS_Signed_MAX,0
CC_NAME_CONTRACT_STATUS_Demand_SUM,0
CC_AMT_DRAWINGS_OTHER_CURRENT_MIN,0
CC_AMT_DRAWINGS_OTHER_CURRENT_MEAN,0
CC_NAME_CONTRACT_STATUS_Demand_MAX,0
CC_AMT_DRAWINGS_CURRENT_MAX,0
CC_NAME_CONTRACT_STATUS_Demand_MEAN,0
CC_NAME_CONTRACT_STATUS_Signed_MIN,0
CC_NAME_CONTRACT_STATUS_Demand_MIN,0
CC_AMT_DRAWINGS_POS_CURRENT_MIN,0
CC_NAME_CONTRACT_STATUS_nan_MIN,0
APPROVED_AMT_CREDIT_MIN,0
CC_NAME_CONTRACT_STATUS_Refused_MIN,0
CC_NAME_CONTRACT_STATUS_Demand_VAR,0
CC_AMT_DRAWINGS_ATM_CURRENT_MIN,0
CC_NAME_CONTRACT_STATUS_nan_VAR,0
CC_NAME_CONTRACT_STATUS_Sent_proposal_SUM,0
CC_NAME_CONTRACT_STATUS_Sent_proposal_MAX,0
CC_NAME_CONTRACT_STATUS_Sent_proposal_MIN,0
CC_AMT_BALANCE_SUM,0
CC_NAME_CONTRACT_STATUS_Sent_proposal_VAR,0
POS_COUNT,0
CC_NAME_CONTRACT_STATUS_Refused_MAX,0
CC_AMT_DRAWINGS_POS_CURRENT_VAR,0
CC_NAME_CONTRACT_STATUS_nan_SUM,0
CC_AMT_DRAWINGS_CURRENT_MIN,0
CC_NAME_CONTRACT_STATUS_Refused_VAR,0
CC_NAME_CONTRACT_STATUS_Refused_SUM,0
CC_NAME_CONTRACT_STATUS_Refused_MEAN,0
CC_CNT_DRAWINGS_POS_CURRENT_MAX,0
CC_AMT_PAYMENT_TOTAL_CURRENT_MIN,0
CC_NAME_CONTRACT_STATUS_Completed_MEAN,0
CC_AMT_TOTAL_RECEIVABLE_SUM,0
CC_AMT_TOTAL_RECEIVABLE_MEAN,0
POS_NAME_CONTRACT_STATUS_Canceled_MEAN,0
POS_NAME_CONTRACT_STATUS_Approved_MEAN,0
CC_SK_DPD_MAX,0
POS_NAME_CONTRACT_STATUS_Amortized_debt_MEAN,0
CC_NAME_CONTRACT_STATUS_nan_MAX,0
CC_SK_DPD_MIN,0
CC_NAME_CONTRACT_STATUS_nan_MEAN,0
CC_AMT_TOTAL_RECEIVABLE_VAR,0
CC_SK_DPD_SUM,0
CC_CNT_DRAWINGS_ATM_CURRENT_MIN,0
CC_CNT_DRAWINGS_CURRENT_MIN,0
CC_CNT_DRAWINGS_OTHER_CURRENT_MIN,0
CC_CNT_INSTALMENT_MATURE_CUM_MIN,0
CC_CNT_DRAWINGS_OTHER_CURRENT_MAX,0
CC_CNT_DRAWINGS_OTHER_CURRENT_MEAN,0
CC_CNT_DRAWINGS_OTHER_CURRENT_SUM,0
REFUSED_HOUR_APPR_PROCESS_START_MAX,0
POS_NAME_CONTRACT_STATUS_Demand_MEAN,0
CC_SK_DPD_VAR,0
CC_NAME_CONTRACT_STATUS_Completed_MAX,0
POS_NAME_CONTRACT_STATUS_nan_MEAN,0
CC_NAME_CONTRACT_STATUS_Completed_MIN,0
CC_NAME_CONTRACT_STATUS_Approved_VAR,0
CC_NAME_CONTRACT_STATUS_Approved_SUM,0
CC_NAME_CONTRACT_STATUS_Approved_MEAN,0
CC_NAME_CONTRACT_STATUS_Approved_MAX,0
CC_NAME_CONTRACT_STATUS_Approved_MIN,0
CC_NAME_CONTRACT_STATUS_Active_VAR,0
CC_AMT_RECEIVABLE_PRINCIPAL_MIN,0
POS_NAME_CONTRACT_STATUS_XNA_MEAN,0
CC_SK_DPD_DEF_MIN,0
APPROVED_RATE_DOWN_PAYMENT_MIN,0
CC_NAME_CONTRACT_STATUS_Active_MAX,0
CC_AMT_TOTAL_RECEIVABLE_MIN,0
CC_NAME_CONTRACT_STATUS_Active_MIN,0
CC_SK_DPD_DEF_VAR,0
CC_SK_DPD_DEF_SUM,0
CC_SK_DPD_DEF_MEAN,0
CC_SK_DPD_DEF_MAX,0
CC_CNT_DRAWINGS_OTHER_CURRENT_VAR,0
PREV_WEEKDAY_APPR_PROCESS_START_MONDAY_MEAN,0
PREV_PRODUCT_COMBINATION_nan_MEAN,0
FONDKAPREMONT_MODE_org_spec_account,0
ORGANIZATION_TYPE_Industry_type_12,0
ORGANIZATION_TYPE_Industry_type_11,0
ORGANIZATION_TYPE_Industry_type_10,0
ORGANIZATION_TYPE_Industry_type_1,0
ORGANIZATION_TYPE_Housing,0
ORGANIZATION_TYPE_Hotel,0
ORGANIZATION_TYPE_Emergency,0
ORGANIZATION_TYPE_Electricity,0
ORGANIZATION_TYPE_Culture,0
ORGANIZATION_TYPE_Cleaning,0
ORGANIZATION_TYPE_Business_Entity_Type_2,0
ORGANIZATION_TYPE_Business_Entity_Type_1,0
ORGANIZATION_TYPE_Bank,0
ORGANIZATION_TYPE_Agriculture,0
ORGANIZATION_TYPE_Advertising,0
WEEKDAY_APPR_PROCESS_START_TUESDAY,0
WEEKDAY_APPR_PROCESS_START_THURSDAY,0
WEEKDAY_APPR_PROCESS_START_SUNDAY,0
WEEKDAY_APPR_PROCESS_START_SATURDAY,0
WEEKDAY_APPR_PROCESS_START_FRIDAY,0
OCCUPATION_TYPE_Waiters_barmen_staff,0
OCCUPATION_TYPE_Security_staff,0
OCCUPATION_TYPE_Secretaries,0
OCCUPATION_TYPE_Realty_agents,0
OCCUPATION_TYPE_Private_service_staff,0
OCCUPATION_TYPE_Medicine_staff,0
OCCUPATION_TYPE_Managers,0
ORGANIZATION_TYPE_Industry_type_13,0
ORGANIZATION_TYPE_Industry_type_2,0
ORGANIZATION_TYPE_Industry_type_3,0
ORGANIZATION_TYPE_Telecom,0
ORGANIZATION_TYPE_XNA,0
ORGANIZATION_TYPE_University,0
ORGANIZATION_TYPE_Transport_type_4,0
ORGANIZATION_TYPE_Transport_type_2,0
ORGANIZATION_TYPE_Transport_type_1,0
ORGANIZATION_TYPE_Trade_type_7,0
ORGANIZATION_TYPE_Trade_type_6,0
ORGANIZATION_TYPE_Trade_type_5,0
ORGANIZATION_TYPE_Trade_type_4,0
ORGANIZATION_TYPE_Trade_type_3,0
ORGANIZATION_TYPE_Trade_type_2,0
ORGANIZATION_TYPE_Trade_type_1,0
ORGANIZATION_TYPE_Services,0
ORGANIZATION_TYPE_Industry_type_4,0
ORGANIZATION_TYPE_Security,0
ORGANIZATION_TYPE_Religion,0
ORGANIZATION_TYPE_Postal,0
ORGANIZATION_TYPE_Other,0
ORGANIZATION_TYPE_Mobile,0
ORGANIZATION_TYPE_Medicine,0
ORGANIZATION_TYPE_Legal_Services,0
ORGANIZATION_TYPE_Insurance,0
ORGANIZATION_TYPE_Industry_type_8,0
ORGANIZATION_TYPE_Industry_type_7,0
ORGANIZATION_TYPE_Industry_type_6,0
ORGANIZATION_TYPE_Industry_type_5,0
OCCUPATION_TYPE_IT_staff,0
OCCUPATION_TYPE_High_skill_tech_staff,0
OCCUPATION_TYPE_HR_staff,0
FLOORSMAX_MEDI,0
FLAG_DOCUMENT_15,0
FLAG_DOCUMENT_14,0
FLAG_DOCUMENT_12,0
FLAG_DOCUMENT_10,0
FLAG_DOCUMENT_9,0
FLAG_DOCUMENT_8,0
FLAG_DOCUMENT_7,0
FLAG_DOCUMENT_6,0
FLAG_DOCUMENT_5,0
FLAG_DOCUMENT_4,0
FLAG_DOCUMENT_2,0
FLOORSMIN_MEDI,0
ENTRANCES_MEDI,0
FLAG_DOCUMENT_19,0
ELEVATORS_MEDI,0
LIVE_CITY_NOT_WORK_CITY,0
REG_CITY_NOT_WORK_CITY,0
LIVE_REGION_NOT_WORK_REGION,0
REG_REGION_NOT_WORK_REGION,0
REG_REGION_NOT_LIVE_REGION,0
FLAG_EMAIL,0
FLAG_CONT_MOBILE,0
FLAG_EMP_PHONE,0
FLAG_MOBIL,0
CNT_CHILDREN,0
FLAG_OWN_REALTY,0
FLAG_DOCUMENT_17,0
FLAG_DOCUMENT_20,0
OCCUPATION_TYPE_Cooking_staff,0
NAME_INCOME_TYPE_Student,0
OCCUPATION_TYPE_Cleaning_staff,0
NAME_HOUSING_TYPE_With_parents,0
NAME_HOUSING_TYPE_Office_apartment,0
NAME_HOUSING_TYPE_Municipal_apartment,0
NAME_HOUSING_TYPE_House_apartment,0
NAME_HOUSING_TYPE_Co_op_apartment,0
NAME_FAMILY_STATUS_Unknown,0
NAME_FAMILY_STATUS_Separated,0
NAME_FAMILY_STATUS_Civil_marriage,0
NAME_EDUCATION_TYPE_Incomplete_higher,0
NAME_EDUCATION_TYPE_Academic_degree,0
NAME_INCOME_TYPE_Unemployed,0
NAME_INCOME_TYPE_Pensioner,0
FLAG_DOCUMENT_21,0
NAME_INCOME_TYPE_Maternity_leave,0
NAME_INCOME_TYPE_Commercial_associate,0
NAME_INCOME_TYPE_Businessman,0
NAME_TYPE_SUITE_Spouse_partner,0
NAME_TYPE_SUITE_Other_B,0
NAME_TYPE_SUITE_Group_of_people,0
NAME_TYPE_SUITE_Family,0
NAME_TYPE_SUITE_Children,0
NAME_CONTRACT_TYPE_Revolving_loans,0
AMT_REQ_CREDIT_BUREAU_WEEK,0
AMT_REQ_CREDIT_BUREAU_DAY,0
AMT_REQ_CREDIT_BUREAU_HOUR,0
FONDKAPREMONT_MODE_not_specified,0
FONDKAPREMONT_MODE_reg_oper_account,0
PREV_PRODUCT_COMBINATION_POS_others_without_interest_MEAN,0
FONDKAPREMONT_MODE_reg_oper_spec_account,0
PREV_NAME_GOODS_CATEGORY_Animals_MEAN,0
PREV_NAME_GOODS_CATEGORY_Additional_Service_MEAN,0
PREV_NAME_CLIENT_TYPE_nan_MEAN,0
PREV_NAME_CLIENT_TYPE_XNA_MEAN,0
PREV_NAME_TYPE_SUITE_Other_A_MEAN,0
PREV_NAME_TYPE_SUITE_Group_of_people_MEAN,0
PREV_CODE_REJECT_REASON_nan_MEAN,0
PREV_CODE_REJECT_REASON_XNA_MEAN,0
PREV_CODE_REJECT_REASON_SYSTEM_MEAN,0
PREV_CODE_REJECT_REASON_CLIENT_MEAN,0
PREV_NAME_PAYMENT_TYPE_nan_MEAN,0
PREV_NAME_PAYMENT_TYPE_Non_cash_from_your_account_MEAN,0
PREV_NAME_PAYMENT_TYPE_Cashless_from_the_account_of_the_employer_MEAN,0
PREV_NAME_CONTRACT_STATUS_nan_MEAN,0
PREV_NAME_CONTRACT_STATUS_Unused_offer_MEAN,0
PREV_NAME_CASH_LOAN_PURPOSE_nan_MEAN,0
PREV_NAME_CASH_LOAN_PURPOSE_XAP_MEAN,0
PREV_NAME_CASH_LOAN_PURPOSE_Wedding_gift_holiday_MEAN,0
PREV_NAME_CASH_LOAN_PURPOSE_Repairs_MEAN,0
PREV_NAME_CASH_LOAN_PURPOSE_Refusal_to_name_the_goal_MEAN,0
PREV_NAME_CASH_LOAN_PURPOSE_Purchase_of_electronic_equipment_MEAN,0
PREV_NAME_CASH_LOAN_PURPOSE_Payments_on_other_loans_MEAN,0
PREV_NAME_CASH_LOAN_PURPOSE_Money_for_a_third_person_MEAN,0
PREV_NAME_CASH_LOAN_PURPOSE_Hobby_MEAN,0
PREV_NAME_CASH_LOAN_PURPOSE_Gasification_water_supply_MEAN,0
PREV_NAME_CASH_LOAN_PURPOSE_Furniture_MEAN,0
PREV_NAME_CASH_LOAN_PURPOSE_Everyday_expenses_MEAN,0
PREV_NAME_GOODS_CATEGORY_Auto_Accessories_MEAN,0
PREV_NAME_GOODS_CATEGORY_Construction_Materials_MEAN,0
PREV_NAME_GOODS_CATEGORY_Consumer_Electronics_MEAN,0
PREV_NAME_PORTFOLIO_nan_MEAN,0
PREV_PRODUCT_COMBINATION_POS_mobile_without_interest_MEAN,0
PREV_PRODUCT_COMBINATION_POS_household_with_interest_MEAN,0
PREV_NAME_YIELD_GROUP_nan_MEAN,0
PREV_NAME_SELLER_INDUSTRY_nan_MEAN,0
PREV_NAME_SELLER_INDUSTRY_Tourism_MEAN,0
PREV_NAME_SELLER_INDUSTRY_MLM_partners_MEAN,0
PREV_NAME_SELLER_INDUSTRY_Jewelry_MEAN,0
PREV_NAME_SELLER_INDUSTRY_Industry_MEAN,0
PREV_CHANNEL_TYPE_nan_MEAN,0
PREV_CHANNEL_TYPE_Stone_MEAN,0
PREV_CHANNEL_TYPE_Car_dealer_MEAN,0
PREV_NAME_PRODUCT_TYPE_nan_MEAN,0
PREV_NAME_PORTFOLIO_Cars_MEAN,0
PREV_NAME_GOODS_CATEGORY_Direct_Sales_MEAN,0
PREV_NAME_GOODS_CATEGORY_nan_MEAN,0
PREV_NAME_GOODS_CATEGORY_Weapon_MEAN,0
PREV_NAME_GOODS_CATEGORY_Other_MEAN,0
PREV_NAME_GOODS_CATEGORY_Office_Appliances_MEAN,0
PREV_NAME_GOODS_CATEGORY_Medicine_MEAN,0
PREV_NAME_GOODS_CATEGORY_Jewelry_MEAN,0
PREV_NAME_GOODS_CATEGORY_Insurance_MEAN,0
PREV_NAME_GOODS_CATEGORY_House_Construction_MEAN,0
PREV_NAME_GOODS_CATEGORY_Homewares_MEAN,0
PREV_NAME_GOODS_CATEGORY_Gardening_MEAN,0
PREV_NAME_GOODS_CATEGORY_Fitness_MEAN,0
PREV_NAME_GOODS_CATEGORY_Education_MEAN,0
PREV_NAME_CASH_LOAN_PURPOSE_Car_repairs_MEAN,0
PREV_NAME_CASH_LOAN_PURPOSE_Buying_a_used_car_MEAN,0
PREV_NAME_CASH_LOAN_PURPOSE_Buying_a_new_car_MEAN,0
BURO_AMT_ANNUITY_MAX,0
BURO_CREDIT_TYPE_Loan_for_business_development_MEAN,0
BURO_CREDIT_TYPE_Interbank_credit_MEAN,0
BURO_CREDIT_TYPE_Cash_loan_non_earmarked__MEAN,0
BURO_CREDIT_TYPE_Another_type_of_loan_MEAN,0
BURO_CREDIT_CURRENCY_nan_MEAN,0
BURO_CREDIT_CURRENCY_currency_4_MEAN,0
BURO_CREDIT_CURRENCY_currency_1_MEAN,0
BURO_CREDIT_ACTIVE_nan_MEAN,0
BURO_CREDIT_ACTIVE_Sold_MEAN,0
BURO_CREDIT_ACTIVE_Bad_debt_MEAN,0
BURO_MONTHS_BALANCE_MIN_MIN,0
BURO_CNT_CREDIT_PROLONG_SUM,0
BURO_CREDIT_DAY_OVERDUE_MEAN,0
BURO_CREDIT_TYPE_Loan_for_the_purchase_of_equipment_MEAN,0
BURO_CREDIT_DAY_OVERDUE_MAX,0
EMERGENCYSTATE_MODE_Yes,0
EMERGENCYSTATE_MODE_No,0
WALLSMATERIAL_MODE_Wooden,0
WALLSMATERIAL_MODE_Panel,0
WALLSMATERIAL_MODE_Others,0
WALLSMATERIAL_MODE_Monolithic,0
WALLSMATERIAL_MODE_Mixed,0
WALLSMATERIAL_MODE_Block,0
HOUSETYPE_MODE_terraced_house,0
HOUSETYPE_MODE_specific_housing,0
HOUSETYPE_MODE_block_of_flats,0
BURO_CREDIT_TYPE_Loan_for_purchase_of_shares_margin_lending__MEAN,0
BURO_CREDIT_TYPE_Loan_for_working_capital_replenishment_MEAN,0
PREV_NAME_CASH_LOAN_PURPOSE_Buying_a_home_MEAN,0
CLOSED_AMT_ANNUITY_MAX,0
PREV_NAME_CASH_LOAN_PURPOSE_Buying_a_holiday_home_land_MEAN,0
PREV_NAME_CASH_LOAN_PURPOSE_Buying_a_garage_MEAN,0
PREV_NAME_CASH_LOAN_PURPOSE_Business_development_MEAN,0
PREV_NAME_CASH_LOAN_PURPOSE_Building_a_house_or_an_annex_MEAN,0
PREV_FLAG_LAST_APPL_PER_CONTRACT_nan_MEAN,0
PREV_FLAG_LAST_APPL_PER_CONTRACT_Y_MEAN,0
PREV_FLAG_LAST_APPL_PER_CONTRACT_N_MEAN,0
PREV_WEEKDAY_APPR_PROCESS_START_nan_MEAN,0
PREV_NAME_CONTRACT_TYPE_nan_MEAN,0
PREV_NAME_CONTRACT_TYPE_XNA_MEAN,0
CLOSED_MONTHS_BALANCE_MAX_MAX,0
CLOSED_CNT_CREDIT_PROLONG_SUM,0
CLOSED_AMT_CREDIT_SUM_LIMIT_MEAN,0
BURO_CREDIT_TYPE_Mobile_operator_loan_MEAN,0
CLOSED_AMT_CREDIT_SUM_OVERDUE_MEAN,0
CLOSED_AMT_CREDIT_SUM_DEBT_MAX,0
CLOSED_CREDIT_DAY_OVERDUE_MEAN,0
CLOSED_CREDIT_DAY_OVERDUE_MAX,0
ACTIVE_CNT_CREDIT_PROLONG_SUM,0
ACTIVE_CREDIT_DAY_OVERDUE_MAX,0
BURO_STATUS_nan_MEAN_MEAN,0
BURO_STATUS_5_MEAN_MEAN,0
BURO_STATUS_4_MEAN_MEAN,0
BURO_CREDIT_TYPE_nan_MEAN,0
BURO_CREDIT_TYPE_Unknown_type_of_loan_MEAN,0
BURO_CREDIT_TYPE_Real_estate_loan_MEAN,0
CC_COUNT,0
